feature,gain,split
EXT_SOURCES_MEAN,630312.097773981,1627.9
EXT_SOURCES_NANMEDIAN,288492.9973562717,1361.8
EXT_SOURCES_MIN,232531.10052156448,1376.2
ORGANIZATION_TYPE,184313.90880188943,7139.4
EXT_SOURCES_MAX,131637.63081612586,1076.7
CREDIT_TO_ANNUITY_RATIO,93319.7019165516,2343.1
CREDIT_TO_GOODS_RATIO,69311.76816387176,1193.3
EXT_SOURCE_3,68934.858665514,1511.2
BUREAU_CONSUMER_DAYS_CREDIT_ENDDATE_MAX,47220.258629846576,1319.7
OCCUPATION_TYPE,38374.45525331497,1059.0
DAYS_BIRTH,37413.41075019837,1481.3
DAYS_EMPLOYED,37052.9628083229,952.5
AMT_ANNUITY,34614.18821992874,1190.7
EXT_SOURCE_1,34572.93860602379,1225.4
BUREAU_ACTIVE_DEBT_CREDIT_DIFF_MEAN,32856.99305462837,924.2
LAST_LOAN_LATE_PAYMENT_mean,32057.801878547667,511.2
EXT_SOURCES_PROD,31360.0765311718,803.0
LAST_LOAN_DPD_mean,31324.530840682983,422.7
CURRENT_TO_APPROVED_ANNUITY_MAX_RATIO,30150.439721727373,799.2
EXT_SOURCE_2,29517.247608852387,1074.2
PREV_LAST24M_SIMPLE_INTERESTS_MAX,28824.356057453155,833.4
CURRENT_TO_APPROVED_ANNUITY_MEAN_RATIO,27743.86234574318,848.1
NAME_EDUCATION_TYPE,27187.108143806458,343.7
BUREAU_CREDIT_DEBT_CREDIT_DIFF_MEAN,26584.338204956053,936.4
EMPLOYED_TO_BIRTH_RATIO,26473.087808942793,869.1
CODE_GENDER,26347.336943626404,530.7
BUREAU_DEBT_CREDIT_DIFF_MEAN,26219.233036708833,756.8
EXT_SOURCES_WEIGHTED,25356.493480682373,638.9
BUREAU_DEBT_OVER_CREDIT,24217.836400079726,588.0
PREV_LAST24M_DAYS_LAST_DUE_1ST_VERSION_MEAN,24171.983299922944,755.3
PREV_NAME_CONTRACT_STATUS_Refused_MEAN,23928.34818506241,528.6
AMT_GOODS_PRICE,23794.616306972504,854.9
BUREAU_ACTIVE_DEBT_PERCENTAGE_MEAN,23781.85856795311,646.8
PREV_Cash_SIMPLE_INTERESTS_MEAN,22972.50143876076,689.1
LAST_LOAN_DPD_std,22273.971839618684,387.3
PREV_LAST24M_DAYS_LAST_DUE_1ST_VERSION_MAX,21512.47522792816,699.9
INS_36M_DPD_7_MEAN,21401.182778072358,442.3
INS_SIGNIFICANT_LATE_PAYMENT_SUM,21283.411123991013,555.4
GROUP_CREDIT_TO_ANNUITY_MEAN,20981.859001922607,817.3
DAYS_ID_PUBLISH,20698.738650655745,983.6
ANNUITY_TO_INCOME_RATIO,20607.27809844017,874.8
PAYMENT_MEAN_TO_ANNUITY_RATIO,20250.204058408737,671.1
AMT_CREDIT,19585.08075222969,761.3
PREV_Cash_SIMPLE_INTERESTS_MAX,19441.890779590605,567.6
GROUP_EXT_SOURCES_STD,18401.91051197052,776.5
INCOME_TO_EMPLOYED_RATIO,18114.184034585953,764.5
BUREAU_LAST12M_DEBT_CREDIT_DIFF_MEAN,17922.118243026733,720.4
PREV_DAYS_TERMINATION_MAX,17787.936230373383,826.8
BUREAU_LAST12M_DEBT_PERCENTAGE_MEAN,17782.7230111599,583.4
BUREAU_ACTIVE_DAYS_CREDIT_MAX,17759.89109134674,734.2
GROUP_EXT_SOURCES_MEDIAN,17374.601499795914,740.4
EXT_SOURCES_VAR,17299.861813020707,593.2
PREV_Cash_DAYS_LAST_DUE_1ST_VERSION_MAX,17190.625067710876,590.5
DAYS_REGISTRATION,17168.815137052537,881.5
DAYS_LAST_PHONE_CHANGE,17106.19016432762,843.3
CC_CNT_DRAWINGS_ATM_CURRENT_MEAN,16875.876544952393,416.1
PHONE_TO_BIRTH_RATIO,16754.273830032347,861.8
BUREAU_CLOSED_DAYS_CREDIT_UPDATE_MAX,16518.07538075447,867.5
OWN_CAR_AGE,16465.662532186507,510.4
BUREAU_ACTIVE_DEBT_OVER_CREDIT,16206.261469984054,636.9
24_TREND_DPD,15737.952955198289,543.7
BUREAU_DEBT_CREDIT_DIFF_SUM,15600.836111688614,532.6
REGION_POPULATION_RELATIVE,15581.246301698684,820.2
APPROVED_APPLICATION_CREDIT_DIFF_MAX,15423.438046550751,448.0
BUREAU_CREDIT_DEBT_PERCENTAGE_MEAN,15409.964680576324,495.7
60_TREND_DPD,15319.629503583908,525.6
PREV_Cash_DAYS_LAST_DUE_1ST_VERSION_MEAN,15226.645166015625,571.3
INS_DAYS_ENTRY_PAYMENT_MIN,15223.114381122588,484.8
PREV_Cash_CNT_PAYMENT_MEAN,15102.671494197846,461.6
BUREAU_CLOSED_ENDDATE_DIF_MEAN,15068.811065864564,762.9
CC_LAST_AMT_BALANCE_MEAN,14987.947040081024,403.4
CAR_TO_EMPLOYED_RATIO,14943.574167966843,552.8
BUREAU_ACTIVE_CREDIT_TO_INCOME_RATIO,14928.681643772125,684.6
POS_MONTHS_BALANCE_SIZE,14840.514726877213,538.7
PREV_Consumer_AMT_ANNUITY_MAX,14756.368277692794,622.8
CAR_TO_BIRTH_RATIO,14670.60654296875,587.7
ID_TO_BIRTH_RATIO,14651.288438940048,713.0
INS_36M_DPD_MEAN,14633.89380311966,416.7
CC_LAST_AMT_BALANCE_MAX,14289.285560035705,372.1
120_TREND_DPD,14176.503633117676,535.6
BUREAU_DAYS_CREDIT_MAX,14115.143761539459,593.8
PREV_CNT_PAYMENT_MEAN,14094.270126867294,478.4
CREDIT_TO_INCOME_RATIO,14034.657907390594,662.9
BUREAU_CONSUMER_DAYS_CREDIT_MAX,13990.530915784835,685.4
PREV_LAST24M_APPLICATION_CREDIT_RATIO_MIN,13989.264123296738,454.5
PREV_Consumer_AMT_CREDIT_SUM,13923.11904296875,630.5
INS_LATE_PAYMENT_SUM,13742.308033514022,458.7
BUREAU_CREDIT_DAYS_CREDIT_MAX,13613.96429157257,660.9
BUREAU_CLOSED_DAYS_CREDIT_ENDDATE_MAX,13590.284262609483,666.1
GROUP_INCOME_MEAN,13571.121020936966,672.1
PREV_Cash_SIMPLE_INTERESTS_MIN,13460.95130314827,614.8
PAYMENT_MAX_TO_ANNUITY_RATIO,13387.834170722961,464.1
INS_AMT_PAYMENT_SUM,13385.42612900734,402.7
PREV_LAST24M_DAYS_LAST_DUE_1ST_VERSION_MIN,13292.798358869553,558.2
BUREAU_CLOSED_DAYS_CREDIT_VAR,13011.490950489044,613.6
BUREAU_CREDIT_DAYS_CREDIT_MEAN,12981.121683263778,636.8
NAME_FAMILY_STATUS,12866.228586959838,472.7
PREV_APPLICATION_CREDIT_DIFF_MAX,12802.736598157882,389.1
APPROVED_AMT_DOWN_PAYMENT_MAX,12786.034296274185,454.1
BUREAU_LAST12M_AMT_CREDIT_SUM_SUM,12784.80108332634,545.2
PREV_ACTIVE_REMAINING_DEBT_SUM,12767.742095899583,543.0
BUREAU_CREDIT_AMT_CREDIT_SUM_DEBT_MAX,12739.38453950882,585.9
BUREAU_ACTIVE_DAYS_CREDIT_ENDDATE_MIN,12719.320974636077,684.8
PREV_Consumer_AMT_ANNUITY_MEAN,12618.603267908096,604.8
BUREAU_CLOSED_DAYS_CREDIT_MAX,12510.61389322281,633.6
BUREAU_ACTIVE_AMT_CREDIT_SUM_SUM,12242.62226037979,564.7
REFUSED_DAYS_DECISION_MAX,12067.18357386589,472.9
INS_60M_DAYS_ENTRY_PAYMENT_MIN,11865.1708132267,469.3
INS_60M_LATE_PAYMENT_RATIO_MEAN,11516.316011953353,325.7
INCOME_TO_BIRTH_RATIO,11512.681988859176,603.9
YEARS_BEGINEXPLUATATION_MEDI,11470.229730939865,607.1
BUREAU_DAYS_CREDIT_ENDDATE_MAX,11444.743224954605,565.8
12_TREND_DPD,11429.361841535569,490.1
BUREAU_DAYS_CREDIT_MEAN,11420.706406641006,496.3
INS_36M_AMT_PAYMENT_MIN,11400.522728204727,487.3
BUREAU_CONSUMER_AMT_CREDIT_SUM_MEAN,11381.929351234436,549.8
DAYS_CREDIT_MEAN_TO_EMPLOYED,11322.860184574127,585.8
GROUP_CREDIT_MEAN,11284.892954444886,546.3
INS_60M_DPD_7_MEAN,11225.146788692475,329.5
DAYS_CREDIT_MEAN_TO_BIRTH,11198.153814649582,540.9
BUREAU_CLOSED_AMT_CREDIT_SUM_MEAN,11086.302788829804,565.7
GROUP_CREDIT_TO_ANNUITY_STD,11073.766957616806,591.7
INS_36M_DPD_VAR,10870.702392482757,351.4
PREV_Consumer_APPLICATION_CREDIT_RATIO_MEAN,10847.297676038743,482.2
BUREAU_CLOSED_AMT_CREDIT_SUM_SUM,10797.17456073761,505.4
PREV_HOUR_APPR_PROCESS_START_MEAN,10792.102478313445,537.2
BUREAU_ACTIVE_DAYS_CREDIT_MEAN,10770.636174392701,545.0
BUREAU_CREDIT_DAYS_CREDIT_ENDDATE_MAX,10770.451920986176,582.2
GROUP_INCOME_STD,10741.474349164962,565.8
APPROVED_SIMPLE_INTERESTS_MIN,10717.33994755745,380.8
DAYS_DECISION_MEAN_TO_EMPLOYED,10688.234452342987,546.4
TOTALAREA_MODE,10673.42839269638,503.6
GROUP_ANNUITY_STD,10653.43966088295,558.0
BUREAU_ACTIVE_DAYS_CREDIT_ENDDATE_MAX,10625.899812173844,529.2
BUREAU_LAST12M_AMT_CREDIT_SUM_MAX,10599.284661054611,483.1
BUREAU_CONSUMER_DEBT_CREDIT_DIFF_MEAN,10591.279408502578,542.6
CC_LIMIT_USE_MAX,10549.975470399857,369.1
INS_36M_DAYS_ENTRY_PAYMENT_MEAN,10535.640806531906,498.0
CC_CNT_DRAWINGS_CURRENT_MEAN,10535.62775220871,329.7
CURRENT_TO_APPROVED_CREDIT_MIN_RATIO,10465.590829563142,527.4
PREV_NAME_CONTRACT_STATUS_Approved_MEAN,10453.335355043411,279.3
INS_36M_DAYS_ENTRY_PAYMENT_MIN,10446.971585559844,472.3
GROUP_ANNUITY_MEAN,10417.932565927505,540.1
INS_60M_DAYS_ENTRY_PAYMENT_MEAN,10322.404293584823,464.8
BUREAU_ACTIVE_DAYS_CREDIT_UPDATE_MIN,10231.192123651505,529.4
NEW_DOC_KURT,10211.83763589859,225.7
BUREAU_ACTIVE_DAYS_CREDIT_UPDATE_MEAN,10185.084514284134,537.7
INS_36M_DBD_VAR,10099.838625907898,526.4
INS_36M_LATE_PAYMENT_RATIO_MEAN,10089.643240118026,350.0
PREV_ACTIVE_REMAINING_DEBT_MAX,9989.1164809227,429.9
PREV_LAST24M_DAYS_DECISION_MIN,9886.810203933715,517.2
PREV_APPLICATION_CREDIT_RATIO_MEAN,9853.207270050048,418.5
PREV_Consumer_DAYS_LAST_DUE_1ST_VERSION_MEAN,9789.241186237336,467.3
INS_36M_DAYS_ENTRY_PAYMENT_MAX,9756.783678245545,491.5
REGION_RATING_CLIENT_W_CITY,9712.607999181748,317.1
BUREAU_AMT_CREDIT_SUM_MEAN,9646.734785556793,481.3
POS_REMAINING_INSTALMENTS,9637.239120149612,376.9
INS_60M_DBD_VAR,9614.058769750594,501.8
BUREAU_ACTIVE_AMT_CREDIT_MAX_OVERDUE_MAX,9607.664723348618,358.7
BUREAU_CREDIT_AMT_CREDIT_SUM_DEBT_MEAN,9593.695612859727,439.8
BUREAU_CLOSED_AMT_CREDIT_SUM_MAX,9571.687134504318,472.9
PREV_APPLICATION_CREDIT_RATIO_VAR,9566.642829179764,505.4
INS_12M_CNT_DRAWINGS_ATM_CURRENT_MEAN,9557.065554237366,226.8
PREV_DAYS_DECISION_MEAN,9510.246832942963,389.9
LIVINGAREA_AVG,9506.568830871582,445.5
BUREAU_CONSUMER_AMT_CREDIT_SUM_MAX,9494.531465816497,465.0
BUREAU_DAYS_CREDIT_MIN,9454.079777908326,498.0
PREV_LAST24M_DAYS_DECISION_MEAN,9361.927472829819,490.6
BUREAU_LAST12M_AMT_CREDIT_SUM_DEBT_MEAN,9326.530282020569,431.8
PREV_Consumer_APPLICATION_CREDIT_DIFF_VAR,9315.93937253952,487.4
PREV_Consumer_SIMPLE_INTERESTS_VAR,9303.880364513398,488.3
BUREAU_CONSUMER_DAYS_CREDIT_MEAN,9293.499617671967,471.3
INS_DBD_VAR,9265.200241422654,481.8
BUREAU_CONSUMER_AMT_CREDIT_SUM_DEBT_MEAN,9249.569682979583,398.5
BUREAU_DAYS_CREDIT_ENDDATE_MIN,9235.105932950974,473.2
PREV_Cash_DAYS_DECISION_MAX,9228.712471675874,493.7
BUREAU_INCOME_CREDIT_RATIO,9223.466443824767,469.4
PREV_Consumer_SIMPLE_INTERESTS_MIN,9212.31298367977,460.3
PAYMENT_MIN_TO_ANNUITY_RATIO,9154.460710859299,426.4
BUREAU_AMT_CREDIT_SUM_SUM,9143.979874897002,394.5
POS_MONTHS_BALANCE_MIN,9106.001205968856,395.4
INS_DAYS_ENTRY_PAYMENT_MEAN,8887.842057657243,376.1
INS_36M_DBD_MEAN,8879.021773815155,476.3
PREV_Consumer_APPLICATION_CREDIT_RATIO_MIN,8865.85442109108,440.1
PREV_LAST24M_APPLICATION_CREDIT_RATIO_MEAN,8803.197252511978,435.1
PREV_AMT_DOWN_PAYMENT_MAX,8790.97194776535,361.3
PREV_ACTIVE_DAYS_LAST_DUE_1ST_VERSION_MIN,8655.745927906037,378.7
CTA_CREDIT_TO_ANNUITY_MEAN_RATIO,8652.611250448226,451.1
INS_36M_AMT_INSTALMENT_MIN,8620.71568403244,419.8
PREV_Consumer_SIMPLE_INTERESTS_MEAN,8615.348942756653,442.8
REFUSED_DAYS_DECISION_MEAN,8551.855285310745,317.7
PREV_Consumer_DAYS_LAST_DUE_1ST_VERSION_MAX,8521.421485757828,422.8
BUREAU_CONSUMER_AMT_CREDIT_MAX_OVERDUE_MEAN,8514.149195337295,369.2
PREV_CREDIT_TO_ANNUITY_RATIO_MEAN,8513.001485490799,385.4
PREV_Consumer_APPLICATION_CREDIT_DIFF_MIN,8495.686098718643,440.9
CURRENT_TO_APPROVED_CREDIT_MAX_RATIO,8493.054285383225,384.9
PREV_Consumer_SIMPLE_INTERESTS_MAX,8445.777182722091,446.4
DEF_30_CNT_SOCIAL_CIRCLE,8417.734918355942,279.5
APPROVED_SIMPLE_INTERESTS_MAX,8308.841931295396,425.9
REFUSED_AMT_CREDIT_MIN,8271.726134252549,370.0
PREV_ACTIVE_DAYS_DECISION_MIN,8218.659420871734,425.8
BUREAU_CONSUMER_AMT_CREDIT_SUM_DEBT_MAX,8199.788169193267,374.4
INS_60M_DBD_MEAN,8195.137718820572,428.3
PREV_AMT_DOWN_PAYMENT_MEAN,8193.770510387421,389.3
PREV_AMT_ANNUITY_MIN,8132.753063964844,413.8
CURRENT_TO_APPROVED_CREDIT_MEAN_RATIO,8102.13569765091,386.3
INS_DBD_MEAN,8077.925565910339,417.9
DAYS_DECISION_MEAN_TO_BIRTH,8027.614524078369,384.3
BUREAU_CONSUMER_AMT_CREDIT_MAX_OVERDUE_MAX,7985.496071767807,352.9
POS_LOAN_COMPLETED_MEAN,7978.067345571518,407.7
CTA_CREDIT_TO_ANNUITY_MAX_RATIO,7924.300654792785,414.7
BUREAU_LAST12M_AMT_CREDIT_SUM_DEBT_SUM,7914.897804164886,374.8
BUREAU_CREDIT_AMT_CREDIT_SUM_MEAN,7899.438056373596,425.4
INS_60M_AMT_PAYMENT_MIN,7874.583517169953,401.6
INS_DAYS_ENTRY_PAYMENT_MAX,7868.874727058411,385.2
PREV_Consumer_DAYS_DECISION_MAX,7850.294108533859,399.9
PREV_Cash_APPLICATION_CREDIT_RATIO_MIN,7847.359141921997,317.9
PREV_Consumer_CNT_PAYMENT_MEAN,7809.9546632289885,396.0
BUREAU_CREDIT_AMT_CREDIT_SUM_MAX,7808.995205402374,406.2
INS_DBD_MAX,7804.873403596878,397.5
INS_AMT_INSTALMENT_SUM,7791.245737457275,294.3
POS_NAME_CONTRACT_STATUS_Active_MEAN,7734.25365152359,398.5
BUREAU_ACTIVE_AMT_CREDIT_SUM_DEBT_MEAN,7734.202362775803,396.0
BUREAU_CREDIT_ACTIVE_Closed_MEAN,7727.480874300003,274.5
PREV_Cash_APPLICATION_CREDIT_RATIO_MEAN,7706.318830776215,341.1
INS_36M_SIGNIFICANT_LATE_PAYMENT_MEAN,7667.159409284592,247.7
INS_60M_DBD_MAX,7634.51822142601,392.8
APPROVED_DAYS_LAST_DUE_1ST_VERSION_MIN,7629.5030064582825,346.3
INS_AMT_PAYMENT_MIN,7619.842311143875,389.8
PREV_Cash_APPLICATION_CREDIT_DIFF_VAR,7590.799533987045,372.2
APPROVED_CNT_PAYMENT_MEAN,7572.61746673584,328.8
POS_SK_DPD_DEF_MEAN,7571.5651727676395,257.2
PREV_ACTIVE_REMAINING_DEBT_MEAN,7557.6528362751005,346.7
APARTMENTS_AVG,7540.714182329178,365.9
PREV_Consumer_APPLICATION_CREDIT_RATIO_MAX,7476.125545930862,345.9
FLAG_DOCUMENT_3,7455.942855501175,170.8
BUREAU_AMT_CREDIT_SUM_DEBT_MEAN,7449.300376653671,335.6
INS_60M_DPD_MEAN,7434.454956245422,258.5
PREV_ACTIVE_AMT_CREDIT_SUM,7425.748397397995,364.6
BUREAU_ACTIVE_AMT_CREDIT_SUM_DEBT_SUM,7411.533883047104,351.4
PREV_LAST24M_AMT_CREDIT_SUM,7375.169409561157,366.4
BUREAU_AMT_CREDIT_SUM_MAX,7366.74405579567,350.8
INS_60M_AMT_INSTALMENT_MIN,7363.191082906723,364.7
INS_60M_AMT_PAYMENT_SUM,7359.220261192322,299.0
PREV_LAST12M_DAYS_DECISION_MIN,7339.098571109772,401.4
PREV_LAST24M_AMT_ANNUITY_MEAN,7339.031961870193,385.4
APPROVED_AMT_CREDIT_MIN,7323.2954104423525,380.8
CC_LIMIT_USE_MEAN,7294.570505809784,229.7
INS_36M_DBD_MAX,7273.326804065704,378.2
PREV_Cash_APPLICATION_CREDIT_DIFF_MIN,7226.0589376628395,335.4
APPROVED_AMT_ANNUITY_MIN,7211.874197340012,369.3
APPROVED_DAYS_LAST_DUE_DIFF_MEAN,7195.546716976166,360.3
BUREAU_ACTIVE_AMT_CREDIT_SUM_MAX,7177.490687990188,358.9
BUREAU_LAST6M_DEBT_PERCENTAGE_MEAN,7153.596277427673,312.3
BUREAU_AMT_CREDIT_MAX_OVERDUE_MAX,7151.876496887207,332.1
APARTMENTS_MODE,7132.348845434189,352.8
APPROVED_SIMPLE_INTERESTS_MEAN,7129.6372447013855,304.3
APPROVED_APPLICATION_CREDIT_RATIO_MEAN,7100.129765462875,360.3
PREV_LAST12M_DAYS_DECISION_MEAN,7023.716844701767,388.3
PREV_LAST12M_SIMPLE_INTERESTS_MAX,7006.2966526508335,341.0
PREV_AMT_ANNUITY_MEAN,6998.484204864502,374.4
BUREAU_AMT_CREDIT_MAX_OVERDUE_MEAN,6933.91878490448,303.3
APPROVED_CREDIT_TO_ANNUITY_RATIO_MEAN,6905.306665086746,326.4
PREV_APPLICATION_CREDIT_DIFF_MEAN,6892.431289863586,342.3
INS_60M_DAYS_ENTRY_PAYMENT_MAX,6847.312883758545,339.2
CC_CNT_DRAWINGS_CURRENT_MAX,6840.922551393509,307.2
PREV_NAME_TYPE_SUITE_Unaccompanied_MEAN,6839.177332353592,376.4
PREV_LAST24M_SIMPLE_INTERESTS_MEAN,6791.562685871124,334.9
INS_36M_AMT_PAYMENT_SUM,6783.011687707901,290.7
INS_SK_ID_PREV_SIZE,6750.316362524032,295.5
BUREAU_LAST6M_AMT_CREDIT_SUM_SUM,6746.514128351211,334.4
PREV_LAST24M_APPLICATION_CREDIT_DIFF_MIN,6712.401639080048,322.7
PREV_DAYS_DECISION_MAX,6696.1961012840275,351.0
POS_NAME_CONTRACT_STATUS_Completed_MEAN,6685.690732002258,347.0
PREV_RATE_DOWN_PAYMENT_MEAN,6673.183682584762,356.1
PREV_ACTIVE_REPAYMENT_RATIO_MEAN,6618.624355602265,299.0
INS_60M_SIGNIFICANT_LATE_PAYMENT_MEAN,6610.097001791,237.9
AMT_INCOME_TOTAL,6592.222490930557,357.7
PREV_ACTIVE_DAYS_DECISION_MEAN,6542.712939310074,341.4
INS_AMT_INSTALMENT_MIN,6541.990725421905,320.8
APPROVED_DAYS_LAST_DUE_1ST_VERSION_MEAN,6538.893515491485,291.4
INS_36M_AMT_INSTALMENT_MAX,6525.107106685638,308.7
APPROVED_DAYS_LAST_DUE_DIFF_MIN,6524.656127548218,316.7
BUREAU_CREDIT_ACTIVE_Active_MEAN,6489.946201610565,269.4
BUREAU_ACTIVE_AMT_CREDIT_MAX_OVERDUE_MEAN,6386.135730457306,261.0
APPROVED_AMT_ANNUITY_MEAN,6358.389148712158,330.0
APPROVED_DAYS_FIRST_DUE_MEAN,6329.40873260498,318.4
120_TREND_PAID_OVER_AMOUNT,6310.171272611618,333.6
APPROVED_APPLICATION_CREDIT_RATIO_MAX,6299.568781852722,282.8
INS_36M_SK_ID_PREV_SIZE,6285.033362293243,315.5
PREV_LAST12M_DAYS_LAST_DUE_1ST_VERSION_MIN,6233.0063394069675,302.0
PREV_APPLICATION_CREDIT_RATIO_MAX,6229.350844097137,275.0
PREV_LAST24M_AMT_ANNUITY_MAX,6223.296928596496,322.6
INS_36M_AMT_PAYMENT_MEAN,6170.901338338852,304.2
PREV_RATE_DOWN_PAYMENT_MAX,6113.378936910629,296.7
BUREAU_LL_STATUS_12345_MEAN,6108.68041062355,323.4
REFUSED_APPLICATION_CREDIT_RATIO_MIN,6027.578855705261,213.0
INS_36M_AMT_INSTALMENT_MEAN,6015.926621198654,298.6
LAST_LOAN_LATE_PAYMENT_count,5961.248991632461,307.7
INS_60M_SK_ID_PREV_SIZE,5930.755856704712,284.3
REFUSED_DAYS_DECISION_MIN,5907.144350433349,279.1
APPROVED_HOUR_APPR_PROCESS_START_MAX,5904.285958862305,274.1
APARTMENTS_MEDI,5881.514564275742,282.1
REFUSED_APPLICATION_CREDIT_DIFF_VAR,5880.927993822098,273.9
POS_MONTHS_BALANCE_MAX,5869.6095157623295,260.9
BUREAU_AMT_CREDIT_SUM_DEBT_SUM,5833.563167333603,272.1
PREV_LAST24M_APPLICATION_CREDIT_RATIO_MAX,5820.46451587677,314.1
PREV_DAYS_DECISION_MIN,5801.4458696365355,268.9
BUREAU_STATUS_0_MEAN,5794.977161931992,330.6
PREV_Cash_AMT_ANNUITY_MEAN,5742.376174354553,303.5
PREV_Cash_SIMPLE_INTERESTS_VAR,5722.275677108764,320.2
REFUSED_APPLICATION_CREDIT_DIFF_MAX,5698.248858213425,250.0
PREV_LAST12M_APPLICATION_CREDIT_RATIO_MIN,5664.390631723404,231.3
LAST_LOAN_DPD_sum,5649.720881938934,150.1
LAST_LOAN_DPD_max,5648.910298871994,125.0
INS_60M_PAYMENT_DIFFERENCE_MEAN,5608.035150766373,250.4
PREV_LAST12M_DAYS_LAST_DUE_1ST_VERSION_MAX,5601.6867072582245,261.9
INS_AMT_INSTALMENT_MAX,5573.658876514435,262.9
APPROVED_AMT_GOODS_PRICE_MAX,5566.243678045273,265.0
BUREAU_LAST6M_AMT_CREDIT_SUM_MAX,5554.250081110001,288.5
12_TREND_PAID_OVER_AMOUNT,5546.236789655685,298.9
BUREAU_AMT_CREDIT_SUM_DEBT_MAX,5544.732635688782,273.4
INS_60M_AMT_INSTALMENT_SUM,5512.068905830383,246.9
APPROVED_DAYS_LAST_DUE_DIFF_MAX,5495.188353300095,286.0
INS_12M_LIMIT_USE_MAX,5494.153775119781,196.3
60_TREND_PAID_OVER_AMOUNT,5484.856591701508,284.4
PREV_Cash_AMT_CREDIT_SUM,5470.760690021515,277.6
APPROVED_AMT_ANNUITY_MAX,5468.07574634552,268.4
TOTAL_REPAYMENT_RATIO,5466.212186717987,274.5
APPROVED_DAYS_DECISION_MEAN,5427.568550109863,257.7
PREV_DOWN_PAYMENT_TO_CREDIT_MEAN,5409.570617771149,287.4
INS_60M_AMT_INSTALMENT_MEAN,5391.586696481705,274.2
INS_36M_AMT_INSTALMENT_SUM,5314.9938764095305,250.7
INS_36M_AMT_PAYMENT_MAX,5308.629177570343,253.2
PREV_LAST12M_AMT_CREDIT_SUM,5305.1244434833525,272.4
BUREAU_LAST6M_DEBT_CREDIT_DIFF_MEAN,5295.551930475235,265.1
POS_REMAINING_INSTALMENTS_RATIO,5287.979653644562,261.2
INS_36M_LATE_PAYMENT_MEAN,5273.3015094280245,231.6
PREV_Cash_AMT_ANNUITY_MAX,5247.5690700054165,287.3
INS_LATE_PAYMENT_RATIO_MEAN,5233.0989469051365,257.3
PREV_APPLICATION_CREDIT_RATIO_MIN,5232.360857772827,242.2
PREV_APPLICATION_CREDIT_DIFF_MIN,5221.747900295258,272.3
INS_60M_AMT_PAYMENT_MEAN,5183.925223112106,257.8
PREV_ACTIVE_AMT_APPLICATION_MEAN,5180.34795255661,267.7
PREV_ACTIVE_AMT_ANNUITY_SUM,5178.684661769867,261.4
BUREAU_SK_ID_BUREAU_NUNIQUE,5155.412684881687,252.6
PREV_LAST12M_AMT_ANNUITY_MEAN,5149.813288593292,276.4
INS_DPD_7_MEAN,5144.0095079422,189.8
APPROVED_DAYS_TERMINATION_MEAN,5132.501148271561,254.8
APPROVED_AMT_CREDIT_MEAN,5131.670259904861,256.4
APPROVED_AMT_CREDIT_MAX,5119.7309561729435,251.0
INS_36M_PAYMENT_DIFFERENCE_MEAN,5111.342941188812,222.0
PREV_CREDIT_TO_ANNUITY_RATIO_MAX,5095.539691781998,251.9
PREV_LAST12M_DAYS_LAST_DUE_1ST_VERSION_MEAN,5092.407294225693,231.4
PREV_ACTIVE_DAYS_LAST_DUE_1ST_VERSION_MAX,5082.429616260529,200.9
PREV_ACTIVE_DAYS_LAST_DUE_1ST_VERSION_MEAN,5068.824126434326,209.8
BUREAU_LL_DEBT_CREDIT_DIFF_MEAN,5046.125889635086,254.7
INS_60M_AMT_INSTALMENT_MAX,5023.936580657959,241.6
INS_PAYMENT_DIFFERENCE_MEAN,5023.2240216732025,224.6
INS_AMT_PAYMENT_MEAN,5010.49684715271,243.1
INS_60M_DPD_VAR,4999.234272480011,212.6
ENTRANCES_AVG,4984.722060251236,259.0
DEF_60_CNT_SOCIAL_CIRCLE,4975.196042060852,184.1
24_TREND_PAID_OVER_AMOUNT,4966.81742978096,262.4
APPROVED_CREDIT_TO_ANNUITY_RATIO_MAX,4927.0637215137485,239.7
FLAG_WORK_PHONE,4896.662179756165,223.4
PREV_NAME_YIELD_GROUP_middle_MEAN,4895.025515937805,257.4
BUREAU_CLOSED_AMT_CREDIT_MAX_OVERDUE_MAX,4878.084748601914,256.5
BUREAU_LAST12M_AMT_CREDIT_MAX_OVERDUE_MAX,4877.793010377884,185.3
AMT_CREDIT_MAX_OVERDUE,4850.3996664047245,219.2
INS_AMT_INSTALMENT_MEAN,4838.023863840103,243.1
BUREAU_STATUS_C_MEAN,4820.188842058182,252.5
LAST_LOAN_PAID_OVER_AMOUNT_mean,4807.398171854019,185.4
AGE_RANGE,4804.915127277374,159.8
BUREAU_MONTHS_BALANCE_SIZE_MEAN,4783.445839357376,227.2
PREV_AMT_ANNUITY_MAX,4783.015765619278,256.8
PREV_ACTIVE_AMT_ANNUITY_MAX,4766.671694278717,240.8
APPROVED_DAYS_LAST_DUE_MEAN,4743.34491853714,226.1
INS_60M_LATE_PAYMENT_MEAN,4740.561185741424,210.8
INS_LATE_PAYMENT_MEAN,4731.375771093369,233.4
BUREAU_CLOSED_AMT_CREDIT_MAX_OVERDUE_MEAN,4689.255341815949,234.0
BUREAU_ACTIVE_MONTHS_BALANCE_SIZE_MEAN,4687.461146306991,281.1
PREV_HOUR_APPR_PROCESS_START_MAX,4682.56931180954,233.4
APPROVED_DAYS_FIRST_DUE_MIN,4658.593029880523,215.8
APPROVED_APPLICATION_CREDIT_RATIO_MIN,4636.980805253983,231.8
INS_DPD_MEAN,4625.398444795608,221.6
NAME_INCOME_TYPE,4605.501845026016,163.4
REFUSED_APPLICATION_CREDIT_RATIO_MEAN,4593.9771439552305,224.9
REFUSED_AMT_CREDIT_MAX,4587.369063711167,211.7
PREV_LAST12M_APPLICATION_CREDIT_RATIO_MEAN,4547.947762775421,222.5
PREV_ACTIVE_AMT_APPLICATION_MAX,4543.920175170899,231.1
REFUSED_AMT_APPLICATION_MAX,4519.618652963638,209.3
INS_36M_PAYMENT_RATIO_MEAN,4517.707785034179,169.9
PREV_PRODUCT_COMBINATION_POShouseholdwithinterest_MEAN,4515.995035552978,238.7
REFUSED_CNT_PAYMENT_MEAN,4501.419948291778,194.0
REFUSED_APPLICATION_CREDIT_DIFF_MIN,4493.45522723198,200.7
PREV_Cash_APPLICATION_CREDIT_RATIO_MAX,4470.050963068008,229.9
BUREAU_CREDIT_TYPE_Creditcard_MEAN,4464.578871679306,229.9
BUREAU_MICROLOAN_DAYS_CREDIT_MEAN,4451.861087417603,122.1
INS_24M_CNT_DRAWINGS_ATM_CURRENT_MEAN,4442.412451076508,100.8
BUREAU_MONTHS_BALANCE_MEAN_MEAN,4409.077809000015,227.9
BUREAU_MONTHS_BALANCE_MEAN_VAR,4364.837575006485,239.0
BUREAU_STATUS_X_MEAN,4358.83368382454,249.7
APPROVED_DAYS_DECISION_MIN,4354.626927947998,207.0
PREV_NAME_YIELD_GROUP_low_action_MEAN,4353.099262952805,200.7
INS_AMT_PAYMENT_MAX,4282.933087444306,198.4
PREV_LAST12M_APPLICATION_CREDIT_DIFF_MIN,4282.202388477325,219.9
PREV_NAME_PRODUCT_TYPE_walkin_MEAN,4279.593571901321,161.0
BUREAU_LL_AMT_CREDIT_SUM_OVERDUE_MEAN,4250.725046157837,236.0
REFUSED_APPLICATION_CREDIT_DIFF_MEAN,4242.393788719177,191.3
BUREAU_CREDIT_TYPE_Consumercredit_MEAN,4242.004271030426,219.0
BUREAU_LAST6M_AMT_CREDIT_SUM_DEBT_SUM,4226.444934463501,221.3
WEEKDAY_APPR_PROCESS_START,4199.174539184571,263.6
PREV_ACTIVE_AMT_PAYMENT_SUM,4184.119783639908,218.1
PREV_CHANNEL_TYPE_Countrywide_MEAN,4177.343920135498,219.4
INS_SIGNIFICANT_LATE_PAYMENT_MEAN,4169.933055305481,202.0
INS_12M_LIMIT_USE_MEAN,4165.6683372020725,126.9
FLOORSMAX_AVG,4155.43304028511,188.1
PREV_LAST12M_SIMPLE_INTERESTS_MEAN,4137.897237443924,211.6
PREV_NAME_YIELD_GROUP_low_normal_MEAN,4135.389263868332,214.3
BUREAU_LAST12M_AMT_CREDIT_MAX_OVERDUE_MEAN,4124.312010383606,165.0
BUREAU_CLOSED_STATUS_12345_MEAN,4109.048065519333,204.8
PREV_LAST12M_AMT_ANNUITY_MAX,4103.1572466373445,218.6
BUREAU_AMT_ANNUITY_MEAN,4090.8926537513735,227.0
APPROVED_DAYS_LAST_DUE_1ST_VERSION_MAX,4079.776899147034,183.2
BUREAU_MICROLOAN_DAYS_CREDIT_MAX,4003.5484401226045,120.3
BUREAU_MONTHS_BALANCE_SIZE_SUM,3998.2330813884737,215.0
BUREAU_ACTIVE_CREDIT_TO_ANNUITY_RATIO_MEAN,3993.7970005989073,223.5
POS_SK_DPD_DEF_MAX,3988.54715051651,164.2
INS_60M_AMT_PAYMENT_MAX,3987.6899034023286,189.1
PREV_NAME_YIELD_GROUP_XNA_MEAN,3967.4608339786528,199.5
PREV_ACTIVE_INSTALMENT_PAYMENT_DIFF_MEAN,3946.5120952129364,185.0
LAST_LOAN_PAID_OVER_AMOUNT_std,3944.717183303833,207.0
PREV_NAME_CLIENT_TYPE_New_MEAN,3928.6161725521088,183.7
PREV_LAST12M_APPLICATION_CREDIT_RATIO_MAX,3864.4961321353912,211.6
LAST_LOAN_PAID_OVER_AMOUNT_min,3859.81099858284,189.1
CC_AMT_PAYMENT_TOTAL_CURRENT_VAR,3859.4571378707888,205.3
PREV_NAME_YIELD_GROUP_high_MEAN,3821.443419957161,191.5
REFUSED_CNT_PAYMENT_MAX,3788.709278202057,127.7
BUREAU_ACTIVE_MONTHS_BALANCE_MEAN_MEAN,3786.4022739887237,206.9
INS_DPD_VAR,3774.1834141254426,185.7
PREV_ACTIVE_CNT_PAYMENT_SUM,3713.791759443283,163.9
PREV_NAME_TYPE_SUITE_Family_MEAN,3710.61292386055,195.8
CC_PAYMENT_DIV_MIN_MIN,3682.8012114048006,219.9
REFUSED_AMT_APPLICATION_MEAN,3681.038197183609,188.5
BUREAU_ACTIVE_MONTHS_BALANCE_MEAN_VAR,3658.7838756561277,212.1
PREV_CHANNEL_TYPE_Creditandcashoffices_MEAN,3636.1546193122863,198.6
APPROVED_HOUR_APPR_PROCESS_START_MIN,3613.866096544266,185.9
PREV_CNT_PAYMENT_MAX,3521.8879305362702,114.0
PREV_ACTIVE_SIMPLE_INTERESTS_MEAN,3504.3728442668917,176.2
BUREAU_LAST6M_AMT_CREDIT_SUM_DEBT_MEAN,3502.527774429321,194.3
PREV_CHANNEL_TYPE_APCashloan_MEAN,3492.3383991241453,170.5
PREV_ACTIVE_INSTALMENT_PAYMENT_DIFF_MAX,3490.7656851768493,160.3
DOCUMENT_COUNT,3481.4853066921232,147.8
PREV_HOUR_APPR_PROCESS_START_MIN,3461.7232047080993,178.7
INS_PAYMENT_RATIO_MEAN,3445.611953830719,149.6
BUREAU_MICROLOAN_AMT_CREDIT_SUM_MEAN,3441.7967807769774,91.8
POS_NAME_CONTRACT_STATUS_Signed_MEAN,3441.085415887833,184.5
REG_CITY_NOT_LIVE_CITY,3382.435163974762,140.9
CC_CNT_DRAWINGS_POS_CURRENT_MEAN,3362.3537270069123,174.6
LAST_LOAN_PAID_OVER_AMOUNT_sum,3348.5561958312987,181.0
BUREAU_ACTIVE_MONTHS_BALANCE_SIZE_SUM,3341.249516773224,173.9
POS_SK_ID_PREV_NUNIQUE,3264.3567430973053,99.0
PREV_CHANNEL_TYPE_Stone_MEAN,3197.9721908092497,169.0
INS_36M_DPD_MAX,3181.8275713920593,144.8
INS_60M_PAYMENT_RATIO_MEAN,3157.925102853775,131.5
BUREAU_MORTGAGE_AMT_CREDIT_SUM_MAX,3127.7742454528807,135.8
PREV_NAME_PRODUCT_TYPE_XNA_MEAN,3120.3880228042603,156.9
ENTRANCES_MEDI,3088.735208940506,163.7
PREV_NAME_CONTRACT_TYPE_Consumerloans_MEAN,3085.640324497223,136.1
PREV_PRODUCT_COMBINATION_POSindustrywithinterest_MEAN,3073.1780737876893,179.6
PREV_PRODUCT_COMBINATION_CashXSellmiddle_MEAN,3040.0863570690153,162.9
AMT_REQ_CREDIT_BUREAU_QRT,3022.622119617462,158.3
CC_AMT_PAYMENT_TOTAL_CURRENT_MAX,3015.1643161296843,157.1
BUREAU_LAST12M_STATUS_0_MEAN,3010.1488959789276,172.5
PREV_NAME_CLIENT_TYPE_Refreshed_MEAN,2981.749952173233,179.6
PREV_PRODUCT_COMBINATION_POSmobilewithinterest_MEAN,2913.7161356925963,152.7
LAST_LOAN_PAID_OVER_count,2905.4286546945573,148.6
BUREAU_MICROLOAN_AMT_CREDIT_SUM_MAX,2874.1006593704224,70.8
BUREAU_LAST12M_AMT_CREDIT_SUM_OVERDUE_MEAN,2838.033278942108,114.7
BUREAU_STATUS_1_MEAN,2836.1645843982697,141.8
PREV_LAST24M_NAME_CONTRACT_TYPE_Revolvingloans_MEAN,2786.9320112228393,131.2
PREV_NAME_PRODUCT_TYPE_xsell_MEAN,2767.0581706523894,142.1
BUREAU_CREDIT_AMT_CREDIT_MAX_OVERDUE_MEAN,2762.9135315895082,154.7
CC_AMT_PAYMENT_TOTAL_CURRENT_MEAN,2758.728587627411,140.3
BUREAU_STATUS_12345_MEAN,2756.851203107834,131.2
LATE_PAYMENT_SUM,2729.9662882328034,142.2
CC_PAYMENT_DIV_MIN_MEAN,2719.793553829193,124.6
INS_24M_LIMIT_USE_MAX,2701.8272356033326,90.5
WALLSMATERIAL_MODE,2691.5393900871277,134.7
CC_AMT_PAYMENT_TOTAL_CURRENT_SUM,2686.9487937927247,141.3
APPROVED_DAYS_LAST_DUE_MAX,2673.276001214981,133.6
PREV_ACTIVE_CNT_PAYMENT_MEAN,2672.8379204273224,120.9
CC_MONTHS_BALANCE_MIN,2662.6288879871367,138.4
PREV_NAME_CLIENT_TYPE_Repeater_MEAN,2631.2730519771576,137.5
APPROVED_CNT_PAYMENT_MAX,2628.741258239746,101.1
PREV_NAME_CONTRACT_TYPE_Cashloans_MEAN,2626.9386887073515,135.7
BUREAU_CREDIT_AMT_CREDIT_MAX_OVERDUE_MAX,2625.798590564728,142.0
REGION_RATING_CLIENT,2591.8668990135193,96.2
PREV_NAME_CONTRACT_STATUS_Canceled_MEAN,2570.160673236847,150.4
BUREAU_MORTGAGE_AMT_CREDIT_SUM_MEAN,2567.4648785591125,111.9
INS_DPD_MAX,2561.0599158763885,131.6
BUREAU_MICROLOAN_AMT_CREDIT_SUM_DEBT_MEAN,2503.6057386398315,79.5
POS_SK_DPD_DEF_SUM,2474.6141344070434,109.8
PREV_PRODUCT_COMBINATION_Cash_MEAN,2471.3644864082335,134.1
PREV_LAST24M_NAME_CONTRACT_TYPE_Cashloans_MEAN,2423.736724472046,119.9
POS_LATE_PAYMENT_MEAN,2350.854078102112,124.7
REFUSED_NAME_CONTRACT_TYPE_Cashloans_MEAN,2336.8166020393373,97.0
CC_CNT_DRAWINGS_CURRENT_SUM,2212.123844575882,114.4
INS_60M_DPD_MAX,2208.1674118995666,105.2
FLOORSMAX_MEDI,2206.053725528717,96.2
PREV_LAST24M_NAME_CONTRACT_TYPE_Consumerloans_MEAN,2195.6699954032897,105.1
REFUSED_NAME_CONTRACT_TYPE_Consumerloans_MEAN,2184.4961754322053,81.8
PREV_NAME_TYPE_SUITE_Spousepartner_MEAN,2121.290976381302,119.6
PREV_CHANNEL_TYPE_RegionalLocal_MEAN,2099.954526948929,118.1
CC_AMT_BALANCE_MAX,2087.0787513256073,98.7
POS_SK_DPD_VAR,2065.471389389038,109.6
CC_AMT_DRAWINGS_ATM_CURRENT_SUM,2053.768127679825,104.2
CC_AMT_DRAWINGS_ATM_CURRENT_MAX,2024.6969375610352,106.3
PREV_SK_ID_PREV_NUNIQUE,2002.3071936607362,107.2
INS_48M_CNT_DRAWINGS_ATM_CURRENT_MEAN,2001.4694282054902,48.8
BUREAU_MICROLOAN_DAYS_CREDIT_ENDDATE_MAX,1965.631260585785,75.5
PREV_NAME_CONTRACT_TYPE_Revolvingloans_MEAN,1956.8793942451478,97.9
POS_COMPLETED_BEFORE_MEAN,1941.58406996727,104.7
BUREAU_AMT_CREDIT_SUM_OVERDUE_MAX,1922.1152822494507,61.8
POS_SK_DPD_MEAN,1921.9443253993988,97.9
CC_AMT_DRAWINGS_POS_CURRENT_SUM,1898.525158882141,112.4
INS_DPD_15_MEAN,1889.1560105323792,94.5
BUREAU_AMT_CREDIT_SUM_OVERDUE_MEAN,1874.1714570999145,62.8
CC_AMT_INST_MIN_REGULARITY_MEAN,1857.8041890621184,95.7
PREV_PRODUCT_COMBINATION_CashXSellhigh_MEAN,1851.918275308609,96.5
PREV_CHANNEL_TYPE_Contactcenter_MEAN,1845.730301952362,106.0
INS_60M_DPD_15_MEAN,1840.0139802455901,88.6
CC_AMT_DRAWINGS_CURRENT_MAX,1798.788791179657,92.3
FLOORSMAX_MODE,1746.6699617385864,85.3
POS_NAME_CONTRACT_STATUS_Returnedtothestore_MEAN,1746.0763953208923,93.9
INS_24M_LIMIT_USE_MEAN,1741.4030873298645,57.0
CC_AMT_TOTAL_RECEIVABLE_MEAN,1733.7101509571075,79.7
PREV_PRODUCT_COMBINATION_CashXSelllow_MEAN,1727.6296687602996,93.9
INS_12M_AMT_BALANCE_MEAN,1718.8501064777374,71.1
BUREAU_ACTIVE_AMT_CREDIT_SUM_OVERDUE_MAX,1712.165577983856,52.3
POS_SK_DPD_SUM,1708.2385309696197,95.3
CC_AMT_DRAWINGS_POS_CURRENT_MAX,1679.2873811721802,99.6
BUREAU_MICROLOAN_AMT_CREDIT_SUM_DEBT_MAX,1667.1843250751494,48.3
BUREAU_CREDIT_TYPE_Microloan_MEAN,1666.67218170166,54.4
POS_SK_DPD_MAX,1663.7304399490356,88.9
BUREAU_CLOSED_AMT_CREDIT_SUM_DEBT_MAX,1645.9471165657044,85.5
BUREAU_CAR_AMT_CREDIT_SUM_MAX,1645.5842729091644,101.8
BUREAU_CAR_AMT_CREDIT_SUM_MEAN,1633.5699861049652,100.5
CC_AMT_CREDIT_LIMIT_ACTUAL_MAX,1629.2269907474517,89.4
PREV_LAST12M_NAME_CONTRACT_TYPE_Cashloans_MEAN,1585.3462772369385,82.5
CC_AMT_DRAWINGS_CURRENT_SUM,1567.557675075531,79.9
PREV_PRODUCT_COMBINATION_POShouseholdwithoutinterest_MEAN,1566.62187166214,84.8
CC_CNT_DRAWINGS_ATM_CURRENT_SUM,1564.6644453048707,83.5
BUREAU_ACTIVE_AMT_CREDIT_SUM_OVERDUE_MEAN,1546.4164672374725,62.2
CC_AMT_INST_MIN_REGULARITY_MAX,1544.4856218338014,77.0
BUREAU_CLOSED_AMT_CREDIT_SUM_DEBT_SUM,1499.6134484291076,80.2
PREV_PRODUCT_COMBINATION_CardStreet_MEAN,1472.6665133476258,79.9
BUREAU_CAR_DEBT_CREDIT_DIFF_MEAN,1472.3822471618653,82.9
PREV_LAST12M_NAME_CONTRACT_TYPE_Revolvingloans_MEAN,1465.678906726837,78.9
CC_AMT_TOTAL_RECEIVABLE_MAX,1416.9978422164918,67.3
INS_36M_DPD_15_MEAN,1403.8024455070495,65.2
CC_CNT_DRAWINGS_ATM_CURRENT_MAX,1400.1347732067109,63.0
PREV_PRODUCT_COMBINATION_POSmobilewithoutinterest_MEAN,1397.8950743675232,78.5
APPROVED_DAYS_FIRST_DRAWING_MEAN,1395.2517251491547,73.7
REFUSED_NAME_CONTRACT_TYPE_Revolvingloans_MEAN,1390.384870815277,67.5
PREV_PRODUCT_COMBINATION_CardXSell_MEAN,1388.0149081230163,73.4
CC_LATE_PAYMENT_SUM,1378.8340368270874,88.2
BUREAU_CREDIT_ACTIVE_Sold_MEAN,1376.6970135211945,75.3
PREV_PRODUCT_COMBINATION_POSotherwithinterest_MEAN,1374.5461526870727,76.4
FLAG_OWN_CAR,1364.453592300415,31.1
PREV_PRODUCT_COMBINATION_CashStreetmiddle_MEAN,1331.5625298023224,71.5
PREV_LAST12M_NAME_CONTRACT_TYPE_Consumerloans_MEAN,1327.321112060547,66.0
BUREAU_CREDIT_TYPE_Mortgage_MEAN,1324.2459324359893,60.5
PREV_CHANNEL_TYPE_Channelofcorporatesales_MEAN,1299.2083208084107,84.6
BUREAU_CONSUMER_DEBT_PERCENTAGE_MEAN,1278.6369929790496,68.1
INS_48M_LIMIT_USE_MAX,1265.5429909706115,44.3
BUREAU_MORTGAGE_DAYS_CREDIT_MAX,1259.6190539360045,68.1
PREV_NAME_CONTRACT_STATUS_Unusedoffer_MEAN,1239.8397079467773,72.8
APPROVED_SK_ID_PREV_NUNIQUE,1210.1803498268127,57.6
BUREAU_MORTGAGE_DAYS_CREDIT_MEAN,1206.7997628211974,62.3
BUREAU_AMT_CREDIT_SUM_OVERDUE_SUM,1204.3439688682556,37.2
BUREAU_MICROLOAN_DEBT_CREDIT_DIFF_MEAN,1204.1629899024963,40.3
INS_PAID_OVER_MEAN,1150.3426795959472,60.8
PREV_PRODUCT_COMBINATION_CashStreethigh_MEAN,1148.9511845111847,58.9
NAME_HOUSING_TYPE,1135.816323041916,74.8
PREV_NAME_TYPE_SUITE_Other_B_MEAN,1106.2726788520813,62.7
INS_SK_ID_PREV_NUNIQUE,1091.178016757965,49.8
BUREAU_CAR_DAYS_CREDIT_ENDDATE_MAX,1058.134745311737,62.1
CC_SK_DPD_SUM,1012.8007356643677,66.5
PREV_ACTIVE_AMT_DOWN_PAYMENT_MAX,981.6841998100281,56.0
BUREAU_MORTGAGE_DAYS_CREDIT_ENDDATE_MAX,937.6201526641846,55.1
PREV_NAME_TYPE_SUITE_Children_MEAN,937.2582326889038,55.4
BUREAU_CAR_DAYS_CREDIT_MEAN,904.8730118751525,53.5
BUREAU_LAST6M_AMT_CREDIT_MAX_OVERDUE_MAX,887.2094268798828,43.3
LAST_LOAN_PAID_OVER_mean,870.7498570919037,50.3
PREV_PRODUCT_COMBINATION_CashStreetlow_MEAN,845.0286338806152,50.2
CC_SK_DPD_MEAN,830.4345890998841,48.8
BUREAU_MORTGAGE_DEBT_CREDIT_DIFF_MEAN,829.5427881717682,48.5
PREV_PRODUCT_COMBINATION_POSindustrywithoutinterest_MEAN,823.1088971614838,58.0
BUREAU_LAST6M_AMT_CREDIT_MAX_OVERDUE_MEAN,806.3979324817658,39.5
INS_12M_AMT_BALANCE_MAX,793.0261085510253,37.1
BUREAU_LAST6M_STATUS_0_MEAN,785.8061775207519,46.7
PREV_NAME_TYPE_SUITE_Other_A_MEAN,781.4564472198487,44.3
INS_48M_LIMIT_USE_MEAN,768.4028587341309,25.3
INS_24M_AMT_BALANCE_MEAN,745.0175438880921,33.0
BUREAU_CAR_DAYS_CREDIT_MAX,731.370887184143,42.9
BUREAU_MICROLOAN_DEBT_PERCENTAGE_MEAN,724.6314383506775,31.5
BUREAU_CREDIT_TYPE_Carloan_MEAN,714.3163074016571,45.7
PREV_ACTIVE_AMT_DOWN_PAYMENT_MEAN,713.6298177242279,44.4
BUREAU_CAR_AMT_CREDIT_SUM_DEBT_MEAN,701.2400136947632,39.8
FLAG_DOCUMENT_8,667.9213994503021,42.1
LAST_LOAN_PAID_OVER_AMOUNT_max,658.371445941925,38.0
BUREAU_CAR_AMT_CREDIT_SUM_DEBT_MAX,657.5413827896118,37.5
BUREAU_CAR_DEBT_PERCENTAGE_MEAN,622.0752841949463,35.3
NAME_CONTRACT_TYPE,616.0016127586365,19.7
NAME_TYPE_SUITE,595.2643914222717,41.2
BUREAU_MORTGAGE_AMT_CREDIT_SUM_DEBT_MAX,554.7175998210907,29.5
BUREAU_LAST12M_STATUS_12345_MEAN,528.1865249633789,30.2
BUREAU_MORTGAGE_AMT_CREDIT_SUM_DEBT_MEAN,513.794863986969,29.2
POS_NAME_CONTRACT_STATUS_Approved_MEAN,486.2959044456482,28.9
INS_12M_SK_DPD_SUM,484.4748962879181,31.8
BUREAU_MORTGAGE_DEBT_PERCENTAGE_MEAN,424.41675915718076,25.8
PREV_ACTIVE_SK_ID_PREV_NUNIQUE,412.04654989242556,22.9
CC_SK_DPD_MAX,389.6955983161926,22.8
INS_48M_AMT_BALANCE_MEAN,367.5521529197693,16.3
BUREAU_CLOSED_AMT_CREDIT_SUM_OVERDUE_MEAN,331.4399245262146,23.8
CC_SK_DPD_DEF_SUM,308.0404355049133,18.4
LIVE_CITY_NOT_WORK_CITY,300.21055765151976,18.7
FLAG_DOCUMENT_18,294.46014471054076,18.0
INS_24M_AMT_BALANCE_MAX,287.51205320358275,14.1
INS_24M_SK_DPD_SUM,277.33623056411744,18.5
BUREAU_CAR_AMT_CREDIT_MAX_OVERDUE_MEAN,212.22595987319946,14.9
AMT_REQ_CREDIT_BUREAU_WEEK,182.9182071685791,10.7
BUREAU_CAR_AMT_CREDIT_MAX_OVERDUE_MAX,157.11324791908265,10.9
CC_SK_DPD_DEF_MAX,153.05232305526732,8.6
INS_12M_SK_DPD_MAX,149.0901939868927,9.0
INS_48M_SK_DPD_SUM,148.28954396247863,10.4
INS_48M_AMT_BALANCE_MAX,145.41989316940308,6.8
BUREAU_LAST6M_STATUS_12345_MEAN,110.75817246437073,7.4
BUREAU_MORTGAGE_AMT_CREDIT_MAX_OVERDUE_MEAN,88.97464303970337,6.4
LIVE_REGION_NOT_WORK_REGION,82.37403230667114,5.6
INS_24M_SK_DPD_MAX,69.95954704284668,4.3
BUREAU_LAST6M_AMT_CREDIT_SUM_OVERDUE_MEAN,67.08157024383544,3.7
PREV_NAME_TYPE_SUITE_Groupofpeople_MEAN,63.881960487365724,3.6
AMT_REQ_CREDIT_BUREAU_HOUR,54.191700077056886,3.2
PREV_NAME_CLIENT_TYPE_XNA_MEAN,52.592201232910156,3.6
BUREAU_MORTGAGE_AMT_CREDIT_MAX_OVERDUE_MAX,44.996080207824704,3.1
PREV_PRODUCT_COMBINATION_POSotherswithoutinterest_MEAN,42.90387010574341,2.6
INS_48M_SK_DPD_MAX,34.25166015625,2.2
PREV_NAME_CONTRACT_TYPE_XNA_MEAN,31.6373291015625,1.7
POS_NAME_CONTRACT_STATUS_Demand_MEAN,25.59257802963257,1.9
APPROVED_DAYS_FIRST_DRAWING_MAX,6.775969982147217,0.4
CC_LATE_PAYMENT_MAX,4.029079914093018,0.3
BUREAU_MICROLOAN_AMT_CREDIT_MAX_OVERDUE_MEAN,2.9467500686645507,0.2
PREV_CHANNEL_TYPE_Cardealer_MEAN,2.6632299423217773,0.1
BUREAU_MICROLOAN_AMT_CREDIT_MAX_OVERDUE_MAX,0.0,0.0
